Product,Description,Search Tags,Number of Reviews
[ROUND LAB]  365 Derma Relief Sun Cream 50ml,"-A non-nano sunscreen formulated with non-irritated, soothing ingredients which is suitable for sensitive skin.
-Protects skin from UVA, UVB sun rays with SPF 50+ PA++++.
-Features powerful moisturizing effect with Aqua Ceramide, leaving your skin hydrated.
-Contains Panthenol, Houttuynia Cordata extract and Centella Asiatica extract that effectively soothes your sensitive skin against external irritation.
-Its creamy texture forms a smooth, hydrated UV protection film without leaving any white cast.","['Sunblock', 'sun cream', 'sun protector', 'organic', 'spf35', 'spf50', 'bb sun cream', 'uv protection', 'aloe sun', 'Snail sun', 'waterproof sun', 'multi sun']",0
[9wishes]  Pine Treatment Sunscreen 50ml,"-A lightweight sunscreen with powerful broad-spectrum SPF50+ PA++++ to protect your delicate skin against free radical rays.
-Contains pine leaf extract to soothe fatigued skin while helping purify the skin for a brighter, clearer complexion.","['Sunblock', 'sun cream', 'sun protector', 'organic', 'spf35', 'spf50', 'bb sun cream', 'uv protection', 'aloe sun', 'Snail sun', 'waterproof sun', 'multi sun']",0
[DEWYTREE]  Urban Shade Anti-Pollution Sun Set SPF50+ PA++++,"-Mineral Filter: Reflects UV rays instead of absorbing it into the skin
-Pink Calming Tone-Up: Gives skin a brightened look
-Provides protection against UV rays and fine dust
-SPF50+ PA++++ for intense sun protection
* This set comes with Hi Amino All Cleanser that deeply cleanses while providing moisture to skin","['Sunblock', 'sun cream', 'sun protector', 'organic', 'spf35', 'spf50', 'bb sun cream', 'uv protection', 'aloe sun', 'Snail sun', 'waterproof sun', 'multi sun']",1
[SKINRx LAB]  MadeCera Cream Better Skin Tone-Up Cream 30ml,"-A tri-functional product: Whitening + Wrinkles Improvement + UV Blocking (SPF50+ PA++++).
-Contains Pink Aloe Extract for skin soothing and Ceramide, Madecassocide, TECA to soothe and strengthen skin barrier.
-Formulated with patented ingredients - Daisy Extract and Alpha Bisabolol for skin whitening.
-Offers natural tone up effect with pink cover powder and protects skin with non-nano inorganic blocking agents.","['Sunblock', 'sun cream', 'sun protector', 'organic', 'spf35', 'spf50', 'bb sun cream', 'uv protection', 'aloe sun', 'Snail sun', 'waterproof sun', 'multi sun']",0
[SKINRx LAB]  MadeCera Cream Waterful Sun Up Plus 50ml,"-Protects skin from UV rays with SPF50+ PA++++ organic UV blocking.
-Contains Water Mint Extract for cool feeling and skin soothing effect.
-Formulated with Ceramide, Madecassocide, TECA to moisturise, soothe skin and strengthen skin barrier.","['Sunblock', 'sun cream', 'sun protector', 'organic', 'spf35', 'spf50', 'bb sun cream', 'uv protection', 'aloe sun', 'Snail sun', 'waterproof sun', 'multi sun']",0
[Innisfree]  Aquq Water Drop Sunscreen 50ml,"- Refreshing finish with no stickiness 
A watery sunscreen with an ultra-light texture that provides moisture and leaves the skin feeling refreshed without any stickiness.
- Multi-functional sunscreen 
It can reduce the appearance of wrinkles and brightens the skin while protecting your skin against UV rays. 
- Sunflower seed oil & green tea extract
With sunflower seed oil and green tea extract, the skin stays moisturized and healthy.","['Sunblock', 'sun cream', 'sun protector', 'organic', 'spf35', 'spf50', 'bb sun cream', 'uv protection', 'aloe sun', 'Snail sun', 'waterproof sun', 'multi sun']",0
[Mamonde]  Everyday Aqua Sun Cream  SPF50+/PA++++ 40ml,"1.Fine dust OUT with the enhanced anti-pollution function!

2.Skin protection with the upgraded Calendula Complex™.

3.Unnecessary ingredients are down, feel is up.","['Sunblock', 'sun cream', 'sun protector', 'organic', 'spf35', 'spf50', 'bb sun cream', 'uv protection', 'aloe sun', 'Snail sun', 'waterproof sun', 'multi sun']",0
[Benton]  Mineral Sun Cream SPF50+/PA++++,"-A physical sunscreen features a SPF 50+/PA++++ that protects sensitive skin from UV rays with Titanium Dioxide and Zinc Oxide.
-Contains soothing ingredients such as Tea Tree Extract, Glycyrrhizic Acid and nourishing ingredients such as Tocopherol, Sunflower Seed Extract.
-The watery cream texture gently blends on the skin without greasiness or white cast.","['Sunblock', 'sun cream', 'sun protector', 'organic', 'spf35', 'spf50', 'bb sun cream', 'uv protection', 'aloe sun', 'Snail sun', 'waterproof sun', 'multi sun']",0
[Benton]  Mineral Sun Stick SPF50+/PA++++,"Only One Touch, Forms a Skin Protective Film!
100% Mineral Sun Stick for the Whole Family
UV mineral fliter reflecting UV rays Soft and smooth finish on delicate skin without worrying about any irritation!","['Sunblock', 'sun cream', 'sun protector', 'organic', 'spf35', 'spf50', 'bb sun cream', 'uv protection', 'aloe sun', 'Snail sun', 'waterproof sun', 'multi sun']",0
[Tonymoly]  Intense Care Gold 24K Snail Sun Cream 50ml,"A triple functional skin care product improves wrinkles, brightens up skin tone while protecting skin from UV rays with powerful broad spectrum SPF50.
Enriched with abundant snail essence and 100ppb 24K Pure Gold dust, it also helps increase skin elasticity.","['Sunblock', 'sun cream', 'sun protector', 'organic', 'spf35', 'spf50', 'bb sun cream', 'uv protection', 'aloe sun', 'Snail sun', 'waterproof sun', 'multi sun']",0
[Frudia]  Ultra UV Shield Sun Essence SPF 50+ PA++++,Daily deep moisture sun essence with its light texture protects skin from UV rays by providing rich moisture. Moist texture full of triple hyaluronic acid with rich moisture refreshingly permeates into skin and provides deep moisture. It contains patented moisture component NATURAL PROTECTOR™ which protects skin moisture barrier that can be easily damaged by UV rays.,"['Sunblock', 'sun cream', 'sun protector', 'organic', 'spf35', 'spf50', 'bb sun cream', 'uv protection', 'aloe sun', 'Snail sun', 'waterproof sun', 'multi sun']",3
[Tiam]  My Signature Vita Red Sunscreen 50ml,"-Aloe Arborescens Leaf Extract soothes, hydrates and keeps irritated skin caused by exposure to UV rays healthy.
-Formulated with vitamin C to revitalize and provide dull skin with a natural-looking healthy glow.
-Widely used sunscreen without white cats, stick residue - suitable for men and women, year-round protection.","['Sunblock', 'sun cream', 'sun protector', 'organic', 'spf35', 'spf50', 'bb sun cream', 'uv protection', 'aloe sun', 'Snail sun', 'waterproof sun', 'multi sun']",0
[Laneige]  Air Light Sun Stick 26g,"-A sun stick in a light matte finish that provides moisture and vitality to tired UV-damaged skin.
-SPF 50+ PA++++ 
-This sun stick uses plant-derived xylitol containing abundant moisture to protect your moisture barrier against strong sunlight. Vitamin-rich rosehip oil provides vitality to tired skin affected by UV rays. 
-Selective oil balancing powder keeps the skin matte while its asymmetrical diagonal shape makes it easy to apply on the narrow curved areas of the face.","['Sunblock', 'sun cream', 'sun protector', 'organic', 'spf35', 'spf50', 'bb sun cream', 'uv protection', 'aloe sun', 'Snail sun', 'waterproof sun', 'multi sun']",0
[Laneige]  Fresh Calming Sun Essence 50ml,"-SPF50+ PA++++ 50ml
-Light and refreshing, hypoallergenic, non-toxic sunscreen with mild ingredients that comfortably protects the skin and strongly blocks UV rays. 
-Gel texture that feels refreshing and fresh as if applying essence.","['Sunblock', 'sun cream', 'sun protector', 'organic', 'spf35', 'spf50', 'bb sun cream', 'uv protection', 'aloe sun', 'Snail sun', 'waterproof sun', 'multi sun']",0
[KIM JEONG MOON Aloe]  *renewal* Cure Water Splash Cooling Sun Cushion,"-Protect your skin from ultraviolet rays SPF50+ PA++++
-Soothing / Cooling / Pore Care  /  UVA&UVB Shield
-Strong in sweat and water
-Aloe Vera skin protection product","['Sunblock', 'sun cream', 'sun protector', 'organic', 'spf35', 'spf50', 'bb sun cream', 'uv protection', 'aloe sun', 'Snail sun', 'waterproof sun', 'multi sun']",0
[Tonymoly]  UV Master Perfecting Sun Block SPF50+ PA+++ 50ml,"-The moist and fresh daily sunscreen protects the skin with the smooth and fresh moisture base.
-Protects the skin from UV rays by blocking harmful UVA/UVB for a long time.
-Moisture moisturizing base 60% keeps the skin moist and smooth like a moisturizing cream.","['Sunblock', 'sun cream', 'sun protector', 'organic', 'spf35', 'spf50', 'bb sun cream', 'uv protection', 'aloe sun', 'Snail sun', 'waterproof sun', 'multi sun']",0
[A'PIEU]  Madecassoside Fluid 210ml,"Madecassoside is known as a best solution for damaged skin from dryness.
This madecassoside cream calms down damaged skin, then makes your skin barrier much stronger to the external stimulation towards your skin.","['Sunblock', 'sun cream', 'sun protector', 'organic', 'spf35', 'spf50', 'bb sun cream', 'uv protection', 'aloe sun', 'Snail sun', 'waterproof sun', 'multi sun']",0
[KIM JEONG MOON Aloe]  *mini* Cure Water Splash Cooling Sun Cushion,"-Protect your skin from ultraviolet rays SPF50+ PA++++
-Soothing / Cooling / 2X / Clean / Shield
-Strong in sweat and water 
-Aloe Vera skin protection product","['Sunblock', 'sun cream', 'sun protector', 'organic', 'spf35', 'spf50', 'bb sun cream', 'uv protection', 'aloe sun', 'Snail sun', 'waterproof sun', 'multi sun']",0
[Briskin]  Real Water Booster Sun Cream 50ml,"UV Multi Protection
Real Water Essence 
Mild Formulation","['Sunblock', 'sun cream', 'sun protector', 'organic', 'spf35', 'spf50', 'bb sun cream', 'uv protection', 'aloe sun', 'Snail sun', 'waterproof sun', 'multi sun']",0
[BY ECOM]  Aqua Sun Gel 50ml,"Instant cooling effect fresh & lightweight 
Replenish deep hydration 
SPF 50+ PA++++","['Sunblock', 'sun cream', 'sun protector', 'organic', 'spf35', 'spf50', 'bb sun cream', 'uv protection', 'aloe sun', 'Snail sun', 'waterproof sun', 'multi sun']",0
[BY ECOM] *renewal* All Day Sun Screen 40ml,"*Package Renewal* 
The components, contents, and functions of the product are the same as the existing product, so please refer to them before purchasing the product.
-BY ECOMS's first lightly absorbed moisture texture, EWG green grade sunscreen
-UV protection + Moisturzing + No stimulation","['Sunblock', 'sun cream', 'sun protector', 'organic', 'spf35', 'spf50', 'bb sun cream', 'uv protection', 'aloe sun', 'Snail sun', 'waterproof sun', 'multi sun']",0
[rom&nd]  Daily Sun Filter (3 Types),"A daily sun cream comes with 3 types of texture, which perfectly matches with different kinds of foundation for your changing skin condition every day.
Its mild formula provides powerful UV protection (SPF 50+ / PA++++).
Free of harmful ingredients such as PEG, BHT. 
#01 Fresh Pick 
Airy, weightless texture which goes well with moisturizing foundation, leaving your skin refreshed.
Contains Green Tea Extract to soothe and refresh the skin irritated from external environment.

#02 Dewy Pick 
A moisturizing sun filter, its watery and non-oily texture goes well with matte foundation.
Infused with Hyaluronic Acid to deeply moisturizes the skin. 

#03 Tone up pick 
Naturally brightens the skin tone with velvety finish.
Contains Prunus Persica (Peach) Flower Extract which offers whitening benefit with antioxidant effect.","['Sunblock', 'sun cream', 'sun protector', 'organic', 'spf35', 'spf50', 'bb sun cream', 'uv protection', 'aloe sun', 'Snail sun', 'waterproof sun', 'multi sun']",0
[ACWELL]  UV Cut Waterproof Sun Cream SPF50+ PA++++ 50g,This sunblocks is waterproof and long-lasting so that you will be under the protection even during arduous activities.,None,0
[BELLAMONSTER]  UV Cut Solution Calming Sun Stick 17g,"- Hizikia Fusiforme Extract & Green Calamine
- Reliable Non-Nano Mineral Sunscreen
- Light and soft finish","['Sunblock', 'sun cream', 'sun protector', 'organic', 'spf35', 'spf50', 'bb sun cream', 'uv protection', 'aloe sun', 'Snail sun', 'waterproof sun', 'multi sun']",0
[DUFT&DOFT]  UV Perfection Sun Stick SPF 50+ PA+++,"-It is smooth and transparent without stickiness, so you can use it without slipping even if you apply it frequently.
-Pocket size for portability.
-There is no white-cast and stickiness.","['Sunblock', 'sun cream', 'sun protector', 'organic', 'spf35', 'spf50', 'bb sun cream', 'uv protection', 'aloe sun', 'Snail sun', 'waterproof sun', 'multi sun']",0
[Isntree]  Hyaluronic Acid Airy Sun Stick 22g,"Light shielding sun care protecting skin from enviromental irritation. 
Soothing nature-derived extracts and functional ingredients block UV rays and maintain skin firmness
-Whitening
-Anti aging
-Skin barrier strengthening
-Water&oil balance","['Sunblock', 'sun cream', 'sun protector', 'organic', 'spf35', 'spf50', 'bb sun cream', 'uv protection', 'aloe sun', 'Snail sun', 'waterproof sun', 'multi sun']",0
[Isntree]  Hyaluronic Acid Watery Sun Gel 50ml,"Long lasting moisture gentle sunscreen 
Gently applied UV absorbing particles strongly adhere to the skin and block UV rays.
-Oil moisture balance
-Anti aging
-Skin barrier strengthening
-Skin soothing","['Sunblock', 'sun cream', 'sun protector', 'organic', 'spf35', 'spf50', 'bb sun cream', 'uv protection', 'aloe sun', 'Snail sun', 'waterproof sun', 'multi sun']",2
[Isntree]  Hyaluronic Acid Perfect Sun Block 50ml,"Soft inorganic sun block soothes sensitive skin 
Water based sun block ingredient gently protects the skin with powerful UV protection.
-Oil moisture balance
-Aging Prevention
-Skin protection
-Skin soothing","['Sunblock', 'sun cream', 'sun protector', 'organic', 'spf35', 'spf50', 'bb sun cream', 'uv protection', 'aloe sun', 'Snail sun', 'waterproof sun', 'multi sun']",0
[Dr.G]  Airy Skin Up Sun Plus SPF50+ PA++++ 50ml,"- Skin stimulation test completed.
- It's a light, comfortable sunscreen with air mesh technology.
- Serve with natural ingredients (pink aloe, blue camomile)
- Anti-pollution to protect skin. (Maro-Cosmetic)
- It provides a Soothing effect.","['Sunblock', 'sun cream', 'sun protector', 'organic', 'spf35', 'spf50', 'bb sun cream', 'uv protection', 'aloe sun', 'Snail sun', 'waterproof sun', 'multi sun']",0
[Dr.Jart+］Solarbiome Zincream 50ml SPF50+ PA++++] ,"- A hypoallergenic sunscreen that can be used safely for delicate and sensitive skin.
- A tone-up cream that helps soothe sensitive skin.
- It blocks the sun with a high sunscreen index.
- It is not sticky, so it is moist and fresh even after use.","['Sunblock', 'sun cream', 'sun protector', 'organic', 'spf35', 'spf50', 'bb sun cream', 'uv protection', 'aloe sun', 'Snail sun', 'waterproof sun', 'multi sun']",0
[Dr.Jart+］Solarbiome™ Fluid 50ml SPF50+ PA++++] ,"- Suitable for skin tired of outdoor activities and strong sweat retention
- It applies smoothly and has no stickiness, making it soft and fresh even after use.
- It blocks the sun with a high sunscreen index.","['Sunblock', 'sun cream', 'sun protector', 'organic', 'spf35', 'spf50', 'bb sun cream', 'uv protection', 'aloe sun', 'Snail sun', 'waterproof sun', 'multi sun']",3
[Dr.Jart+］Solarbiome™ Primer 50ml SPF50+ PA++++] ,"- Makeup starter that brightens skin tone and expresses smooth skin
- Smooth use and fresh finish after application
- It blocks the sun with a high sunscreen index.","['Sunblock', 'sun cream', 'sun protector', 'organic', 'spf35', 'spf50', 'bb sun cream', 'uv protection', 'aloe sun', 'Snail sun', 'waterproof sun', 'multi sun']",3
[JM Solution]  Glow Luminous Flower Sun Stick Rose SPF50+ PA+++,"-A sun stick protects from UV rays.

-Easy-to-use transparent light, smooth sunscreen applicable anywhere at any time

-Rose water-based stick sunscreen with the maximum sun-protection power

-Triplex function cosmetics with sun-protection, whitening, and anti-wrinkle effec","['Sunblock', 'sun cream', 'sun protector', 'organic', 'spf35', 'spf50', 'bb sun cream', 'uv protection', 'aloe sun', 'Snail sun', 'waterproof sun', 'multi sun']",0
[DUFT&DOFT]  UV Perfection Multi Base SPF 50+ PA+++ 50ml,"-A color-neutralizing primer features a powerful SPF50+ PA++++ sun protection, minimizing the look of dullness and imperfections for a brighter complexion.
-Cream texture & Soft finish
-Dermatologist tested.","['Sunblock', 'sun cream', 'sun protector', 'organic', 'spf35', 'spf50', 'bb sun cream', 'uv protection', 'aloe sun', 'Snail sun', 'waterproof sun', 'multi sun']",0
[DUFT&DOFT]  UV Perfection Beauty Base SPF50+ PA+++ 50ml,"-A color-neutralizing primer features a powerful SPF50+ PA++++ sun protection, minimizing the look of dullness and imperfections for a brighter complexion.
-The weightless formula is infused with enantia chlorantha bark extract to promote a shine-free finish.
-Dermatologist tested.","['Sunblock', 'sun cream', 'sun protector', 'organic', 'spf35', 'spf50', 'bb sun cream', 'uv protection', 'aloe sun', 'Snail sun', 'waterproof sun', 'multi sun']",0
[ILLIYOON]  Daily Defence Multi Sun Cream SPF50+/ PA++++ 50ml,"- Contains moisturizing ingredient to moisturize and soothe irritated skin.
- Soft cream typed sun cream in natural peach color that can be used as makeup up base,  giving radiant to skin.
- Free of 7 types of chemical ingredients such as animal derived ingredients, mineral oil, Tar color, etc.","['Sunblock', 'sun cream', 'sun protector', 'organic', 'spf35', 'spf50', 'bb sun cream', 'uv protection', 'aloe sun', 'Snail sun', 'waterproof sun', 'multi sun']",1
[Cell Fusion C]  Tre.AC Clear Sunscreen 100 SPF48/PA+++ 50ml,"-Non-comedogenic sunscreen that does not block pores
-Mineral sunscreen
-Take care of sebum, oil, and dead skin cells.","['Sunblock', 'sun cream', 'sun protector', 'organic', 'spf35', 'spf50', 'bb sun cream', 'uv protection', 'aloe sun', 'Snail sun', 'waterproof sun', 'multi sun']",0
[Real Barrier]  Extreme Moisture Sun Cream SPF50+ PA+++ 50ml,"-It is formulated with cream type sunscreen without sticky, white cast while providing moist and refreshing finish.
-It is a mild sunscreen that can be used even for sensitive skin.
-The patented MLE® formula forms a skin-friendly protective and moisture-locking membrane, which ensures long-lasting alleviation of itchiness caused by skin sensitivity and dryness.","['Sunblock', 'sun cream', 'sun protector', 'organic', 'spf35', 'spf50', 'bb sun cream', 'uv protection', 'aloe sun', 'Snail sun', 'waterproof sun', 'multi sun']",0
[VT Cosmetics]  Cica Mild Sun Cream 60ml,"-A physcial sunscreen with SPF32 PA++ protects skin from UVA & UVB rays.
-Creamy and can be easily blended. It is readily absorbing and do not leave any white cast.
-Infused with Plum Water, Grapeseed Water, Cypress Water etc. to soothe and hydrate sensitive skin due to sun rays.
-The mild formulation makes it suitable for all ages including kids.","['Sunblock', 'sun cream', 'sun protector', 'organic', 'spf35', 'spf50', 'bb sun cream', 'uv protection', 'aloe sun', 'Snail sun', 'waterproof sun', 'multi sun']",0
[Frudia]  Tone-Up Base Sun Cream 50g,Tone-up sunscreen brightens dull skin tone with UV blocking effect as soon as you put it on. 6 types of fruits seed oil softly permeate into skin and create bright and natural skin without being cakey.  It can be also used as tone-up base with its smooth and matt adherence.,"['Sunblock', 'sun cream', 'sun protector', 'organic', 'spf35', 'spf50', 'bb sun cream', 'uv protection', 'aloe sun', 'Snail sun', 'waterproof sun', 'multi sun']",3
[Pyunkang Yul]  *Time Deal*  ATO Mild Sun Cream 75ml,"-A mild, lightweight sun cream formulated with EWG-verified ingredients to protect your delicate skin.
-Features a powerful broad-spectrum SPF 45 PA+++ to shield against free radical rays.
-Enriched with hyaluronic acid, ceramide, and plant-based extracts to soothe and moisturize dry, sensitive skin.",None,8
[Missha]  All-Around Safe Block Aqua Sun Gel SPF50+/PA+++ 50ml,"-Missha All Around Safe Block Aqua Sun Gel is a moisture-rich water type of sunscreen that soothes skin with mild ingredients.
-Feels lightweight moisture and fresh texture on your skin. Protects against UV rays.",None,9
[Real Barrier]  Cicarelief Mild Sun Fluid SPF50 PA++++ 55ml,"Hypoallergenic sunscreen fluid based on mineral (physical) filters, to combat UV radiation for sensitive, has a calming and moisturizing effect. 
The advantages of physical filters are that they do not penetrate the skin (thereby causing no irritation), but, remaining on its upper layers, form a “mirror shield” reflecting the sun's rays. The cream provides protection against free radicals such as UVB rays and UVA rays.
The product has a light fluid texture, is quickly absorbed and does not leave a feeling of stickiness or white coating after application.
The cream also includes components that help soothe the skin, relieve inflammation and irritation, and also restore and strengthen the protective functions of the skin - calamine, panthenol and madecassoside.","['Sunblock', 'sun cream', 'sun protector', 'organic', 'spf35', 'spf50', 'bb sun cream', 'uv protection', 'aloe sun', 'Snail sun', 'waterproof sun', 'multi sun']",0
[Dr.G]  Green Mild Up Sun Plus  SPF50+ PA++++ 50ml,"-A mild, hypoallergenic sun cream shielding sensitive skin from harmful UV rays and blue light
-Non-sticky formula glides on smoothly without leaving any white cast
-Unique complex contains carefully curated ingredients offering multi-pronged protection
-Pycnogenol, glycophore and panthenol protect skin from external stressors like fine dust and smoke
-Centella asiatica and houttuynia cordata (fish mint) extracts soothe and moisturize skin.","['Sunblock', 'sun cream', 'sun protector', 'organic', 'spf35', 'spf50', 'bb sun cream', 'uv protection', 'aloe sun', 'Snail sun', 'waterproof sun', 'multi sun']",2
[Innisfree]  Blueberry Re-balancing Watery Sun Cream 40ml,"- Lightweight on the skin, meticulous against UV rays! : 
SPF45 PA+++ formula with lightweight and slim moisture essence texture allows for white cast-free and comfortable daily sun protection.
- Inorganic sunscreen for skin comfort: 
Made from carefully selected mild ingredients for daily use, this inorganic sunscreen reflects light on the skin to stop it from being absorbed. It also keeps delicate skin relaxed under UV rays and external conditions.
- Brisk and dewy with busting water from Water Splash texture: 
The new inorganic sunscreen formula feels like water bursting on the skin to provide rich moisture and a cooling effect. The formula creates an ideal base for makeup, thanks to its fast absorption and clean finish.","['Sunblock', 'sun cream', 'sun protector', 'organic', 'spf35', 'spf50', 'bb sun cream', 'uv protection', 'aloe sun', 'Snail sun', 'waterproof sun', 'multi sun']",7
[Centellian24]  Madeca Cream UV Formula 50ml SPF30 PA++,"-TECA added ultraviolet screening to make smarter Madeca Cream 
-Whitening + wrinkle improvement + UV protection (SPF30, PA ++) 
-Helps skin care, skin soothes and collagen increase","['Sunblock', 'sun cream', 'sun protector', 'organic', 'spf35', 'spf50', 'bb sun cream', 'uv protection', 'aloe sun', 'Snail sun', 'waterproof sun', 'multi sun']",0
[Blithe]  UV Protector Honest Sunscreen for pH Balance & Mild Protection SPF50+ PA++++,"A mild sunscreen with a powerful broad-spectrum SPF 50+ PA++++ to protect your skin against free radical rays.
Formulated with six kinds of naturally-derived ingredients and EWG-verified ingredients to moisturize and restore the pH balance of the skin.
Free from 20 kinds of controversial chemicals; suitable for all skin types and even pregnant women.","['Sunblock', 'sun cream', 'sun protector', 'organic', 'spf35', 'spf50', 'bb sun cream', 'uv protection', 'aloe sun', 'Snail sun', 'waterproof sun', 'multi sun']",1
[Blithe]  UV Protector Airy Sunscreen For Tone Correction & Ultra-Lightweight SPF50+ PA++++,"-A sunscreen with a powerful broad-spectrum SPF 50+ PA++++ to protect your skin against free radical rays while leaving an airy finish.
-Delivers a tone-up effect and absorbs excess sebum for a shine-free look.
-Formulated with six kinds of naturally-derived ingredients to soothe and protect your delicate skin.
-Can be rinsed with ordinary cleanser; no double cleanse needed.","['Sunblock', 'sun cream', 'sun protector', 'organic', 'spf35', 'spf50', 'bb sun cream', 'uv protection', 'aloe sun', 'Snail sun', 'waterproof sun', 'multi sun']",0
[Innisfree]  *mini* TrueCare Non-Nano Sun Screen SPF48 PA+++ 25ml,"This mild formula, contained with NON-NANO mineral filters,protects skin from the UVA and UVB rays while reducing the sun's harmful effects on skin.",None,7
[Innisfree]  True Care Non-Nano Sun Screen SPF48 PA+++ 50ml,"This mild formula, contained with NON-NANO mineral filters,protects skin from the UVA and UVB rays while reducing the sun's harmful effects on skin.",None,7
[Derma-B]  Everyday Sun Block SPF50+ PA++++ 200ml,"Block meticulous 365 days
Large Family Sunblock
Strong UV protection
Safe from adult to child!
Fast absorption of MLE moisturizing science
Skin irritation tested, no skin harmful ingredients",None,0
[Missha]  All-Around Safe Block Essence Sun (SPF45/PA+++) 50ml,"At the last step of skincare, evenly apply the product on the face and areas that are easily exposed to UV rays!","['Sunblock', 'sun cream', 'sun protector', 'organic', 'spf35', 'spf50', 'bb sun cream', 'uv protection', 'aloe sun', 'Snail sun', 'waterproof sun', 'multi sun']",7
[Goodal]  Houttuynia Cordata Calming Sun Cream 50ml,"At the last step of skincare, evenly apply the product on the face and areas that are easily exposed to UV rays!","['Sunblock', 'sun cream', 'sun protector', 'organic', 'spf35', 'spf50', 'bb sun cream', 'uv protection', 'aloe sun', 'Snail sun', 'waterproof sun', 'multi sun']",5
[COSRX]  Shield fit All Green Comfort Sun SPF50+ PA+++ 50ml,"100% physical suncreen! 
EWG All Green Grade! 
Formulated with all green ingredients, this sunscream that protects the skin from external streesors leaving the skin with a soft matte finish.","['Sunblock', 'sun cream', 'sun protector', 'organic', 'spf35', 'spf50', 'bb sun cream', 'uv protection', 'aloe sun', 'Snail sun', 'waterproof sun', 'multi sun']",3
[COSRX]  Shield fit Snail Essence Sun SPF50+ PA+++ 50ml,"Essence-like light weight texture! 
Refresh your skin with snail mucin and rich humectant components which give the skin a petal-like, baby skin soft finish","['Sunblock', 'sun cream', 'sun protector', 'organic', 'spf35', 'spf50', 'bb sun cream', 'uv protection', 'aloe sun', 'Snail sun', 'waterproof sun', 'multi sun']",2
[A.H.C]  Natural Perfection Double Shield Sun Stick 22g,"A sun stick that protects skin from sun light and sun heat by simutaneously protecting skin from UV and near-IR, the primary factor of skin aging
1) Powerful sun stick against UV and near-IR 
2) Phyto Protect Complex, AHC’s unique natural formula to protect skin from external irritation
3) Sun stick safe to use for the whole family","['Sunblock', 'sun cream', 'sun protector', 'organic', 'spf35', 'spf50', 'bb sun cream', 'uv protection', 'aloe sun', 'Snail sun', 'waterproof sun', 'multi sun']",5
[A.H.C]  Natural Perfection Double Shield Sun Stick 22g,"A sun stick that protects skin from sun light and sun heat by simutaneously protecting skin from UV and near-IR, the primary factor of skin aging
1) Powerful sun stick against UV and near-IR 
2) Phyto Protect Complex, AHC’s unique natural formula to protect skin from external irritation
3) Sun stick safe to use for the whole family","['Sunblock', 'sun cream', 'sun protector', 'organic', 'spf35', 'spf50', 'bb sun cream', 'uv protection', 'aloe sun', 'Snail sun', 'waterproof sun', 'multi sun']",1
[VT Cosmetics]  VT Cica Essence Sun 60ml,"[DAILY SUN BLOCK CARE l SMART SUN DEFENSE SYSTEM]
Build a protective shield around your skin with moisturizing, refreshing & non-sticky sun essence
SPF50+ PA++++","['Sunblock', 'sun cream', 'sun protector', 'organic', 'spf35', 'spf50', 'bb sun cream', 'uv protection', 'aloe sun', 'Snail sun', 'waterproof sun', 'multi sun']",1
[SOME BY MI]  Yuja Niacin Mineral 100 Brightening Suncream 50ml,"-A skin-brightening sun cream features strong, broad-spectrum sun protection SPF50+ PA++++ to shield skin from UV and -free radical damage.
-Formulated with Yuja and lotus extracts, and 14 kinds of vitamin to revitalize your skin for a dewy, healthy-looking complexion.
-Enriched with niacinamide to help brighten dull, uneven skin tone.","['Sunblock', 'sun cream', 'sun protector', 'organic', 'spf35', 'spf50', 'bb sun cream', 'uv protection', 'aloe sun', 'Snail sun', 'waterproof sun', 'multi sun']",2
[A.H.C]  Natural Perfection Double Shield Sun Stick 14g,"-A multi-functional stick sunscreen that provides strong UV protection and shields skin against damaging rays and free radical environmental aggressors.
-Patented UV IR BLOCK™ protects skin from UV rays and IR(Infrared radiation).
-Phyto Protect Complex helps soothe and protect skin from external aggressors.
-Hypoallergenic formula suitable for all skin types & children.
-Reduces the look of fine lines & wrinkles while enhancing clarity (Whitening & wrinkle-improvement functional product).","['Sunblock', 'sun cream', 'sun protector', 'organic', 'spf35', 'spf50', 'bb sun cream', 'uv protection', 'aloe sun', 'Snail sun', 'waterproof sun', 'multi sun']",4
[Neogen]  Probiotics Relief Sun Essence 50ml,"-Both UVA and UAB have strong blocking, as well as a sun essence that keeps moisturizing and stays fresh on the skin without being sticky or oily 
-Essence texture that adheres to the skin without stickiness & white cast","['Sunblock', 'sun cream', 'sun protector', 'organic', 'spf35', 'spf50', 'bb sun cream', 'uv protection', 'aloe sun', 'Snail sun', 'waterproof sun', 'multi sun']",5
[Mamonde]  *renewal* Everyday Sun Stick SPF50+/PA++++,"-Ungraded PA(4+) to protect the skin from the sun.
-Calendula extract and madecassoside ingredients provide health care to skin that is exposed to the sun.
-Reducing the effect of fine dust which causes skin barrier and promotes aging.","['Sunblock', 'sun cream', 'sun protector', 'organic', 'spf35', 'spf50', 'bb sun cream', 'uv protection', 'aloe sun', 'Snail sun', 'waterproof sun', 'multi sun']",1
[Suntique]  I'M 8.8% Dark Spot Solution,"-Brightening cream 
-Delivering active ingredients","['Sunblock', 'sun cream', 'sun protector', 'organic', 'spf35', 'spf50', 'bb sun cream', 'uv protection', 'aloe sun', 'Snail sun', 'waterproof sun', 'multi sun']",1
[Suntique]  I'M DERMA Relief Sunstick 15g SPF50+ PA++++,"-Soft, dry and light sun stick ! 
-NO White-Cast, but Strong UV-cut 
-Safe use in Dry & senstive skin 
-No stickiness","['Sunblock', 'sun cream', 'sun protector', 'organic', 'spf35', 'spf50', 'bb sun cream', 'uv protection', 'aloe sun', 'Snail sun', 'waterproof sun', 'multi sun']",0
[Suntique]  I'M MEDI 100% Zinc Sun SPF50+ PA++++ 50ml,"-Redness relief : 
Basically, blocks UV rays and imporves irritation of skin damaged by UV rays and soothes skin. 
-The richness of moisturizing 
-No artificial fragrance & colorless","['Sunblock', 'sun cream', 'sun protector', 'organic', 'spf35', 'spf50', 'bb sun cream', 'uv protection', 'aloe sun', 'Snail sun', 'waterproof sun', 'multi sun']",0
[ATOPALM]  Aqua Sun Lotion SPF50+ PA++++ 60ml Special Set,"Aqua Sun Lotion Special Set Contains :
- Aqua Sun Lotion 60ml + Pure Sun Cleansing Pad 62g 30pads
Sun Lotion :
-Use all ingredients of EWG safety grade and fragrance from nature
-Even if applied several times, it does not become white-cast and sticky.
-Rich Moisture
-Soothing irritated skin
Sun Cleansing Pad :
-Contains natural cleansing & soothing ingredients
-Pure cotton emboss fabric
-It is a no-wash type that does not require water washing, so it can be used even when going out.","['hair band', 'cleansing puff', 'pore brush', 'oil paper', '', '', '', '', '', '', '', '']",0
[ATOPALM]  Pure Sun Cleansing Pad 30ea,"-Use all ingredients of EWG safety grade and fragrance from nature
-Contains natural cleansing & soothing ingredients
-Pure cotton emboss fabric
-It is a no-wash type that does not require water washing, so it can be used even when going out.","['hair band', 'cleansing puff', 'pore brush', 'oil paper', '', '', '', '', '', '', '', '']",0
[Dr.G]  Deep Up Sun Plus SPF50+ PA++++_50ML,"Dr.G Deep Moist Up Sun is a moisturizing and skin barrier strenghtening sun cream created for sensitive, dry skin.
- Moisturizing sun cream is formulated with 5 kinds of hyaluronic acids for intense hydration.
- The hyaluronic acid molecules form a protective barrier on skin to seal in moisture, while a patented plant complex hydrates skin from within.
- Pycnogenol in the cream provides anti-aging benefits. Suitable for dry and sensitive skin.
- Formulated with 5 kinds of kinds of hyaluronic acids for an intense hydrating effect.","['Sunblock', 'sun cream', 'sun protector', 'organic', 'spf35', 'spf50', 'bb sun cream', 'uv protection', 'aloe sun', 'Snail sun', 'waterproof sun', 'multi sun']",0
[Dr. G]  Brightening up Sun Plus SPF50+PA+++ 50ml,"-A brightening, tone-up sunscreen that brightens complexion while protecting skin from harmful rays and externalities. 
-A tone-up sun cream for a radiant and glowing complexion. 
-With a peach beige color. 
-Formulated with Tannin Complex to control excess sebum production.","['Sunblock', 'sun cream', 'sun protector', 'organic', 'spf35', 'spf50', 'bb sun cream', 'uv protection', 'aloe sun', 'Snail sun', 'waterproof sun', 'multi sun']",1
[ATOPALM]  TOK TOK Facial Sun Pact SPF43 PA+++ 15g,"-Formulated with EWG Green levels 1-2 ingredients.
-Tok! Tok! A fun and portable way to protect your skin from UV rays.
-Skin irritation test completed; suitable for baby’s delicate skin.
-With patented ceramide, Vitamin E and panthenol to strengthen skin barrier, soothe and protect delicate skin.","['Sunblock', 'sun cream', 'sun protector', 'organic', 'spf35', 'spf50', 'bb sun cream', 'uv protection', 'aloe sun', 'Snail sun', 'waterproof sun', 'multi sun']",0
[ATOPALM]  Outdoor Sun Stick SPF50+ PA++++ 20g,"-Enhanced safety 
(uses all EWG safety grade ingredients and fragrances from nature)
-Soothing irritated skin
-Make it soft without white-cast & stickiness
-Stick type for easy to carry","['Sunblock', 'sun cream', 'sun protector', 'organic', 'spf35', 'spf50', 'bb sun cream', 'uv protection', 'aloe sun', 'Snail sun', 'waterproof sun', 'multi sun']",0
[Neogen]  Sur.Medic+ Super Ceramide 100™ Protection Moisture Sun Cushion 15g,"Not only strong UV protection, but also a natural tone-up effect at once!
-Strong moisturizing barrier with 5-layer ceramide prescription
-Shining skin vitality with natural ingredients",None,1
[Banila.co]  Hello Sunny Essence Sun Stick SPF50+ PA++++ (Aqua),"-A hydrating sun stick with powerful broad spectrum SPF50+ PA++++ that protects your skin from radial rays. 
-Formulated with the Botanical Relief Protector Complex including spirulina and birch sap to soothe and calm your skin with a cooling sensation. 
-Contains 50% of hydrating essences to instantly boost the moisture level of your skin that lasts long. 
-Free from artificial colorants and fragrance.","['Sunblock', 'sun cream', 'sun protector', 'organic', 'spf35', 'spf50', 'bb sun cream', 'uv protection', 'aloe sun', 'Snail sun', 'waterproof sun', 'multi sun']",2
[easydew]  DW-EGSUN MINIMAL STICK 40ml SPF50+ PA++++,"-An advanced sunscreen that protects your skin by protecting your skin with ultraviolet rays.
-The shine of the sun cream and the convenience of the stick at once!
-Essential items for outdoor family members!
-Strong UV protection effect
-Clinically proven safe formula","['Sunblock', 'sun cream', 'sun protector', 'organic', 'spf35', 'spf50', 'bb sun cream', 'uv protection', 'aloe sun', 'Snail sun', 'waterproof sun', 'multi sun']",1
[Cell Fusion C] 	Post Alpha Cure Suncreen 100 SPF50+/PA++++ 50ml,"- Sunscreen Defense Component
- Natural moisturizing peptide
- Dual moisture barrier
- NO Surfactant, Emulsifier
- Safe to use for sensitive skin","['Sunblock', 'sun cream', 'sun protector', 'organic', 'spf35', 'spf50', 'bb sun cream', 'uv protection', 'aloe sun', 'Snail sun', 'waterproof sun', 'multi sun']",5
[Cell Fusion C] 	Laser Sunscreen 100 SPF50+/PA+++ 50ml,"The low-irritant UV protector (SPF 50+/PA+++) perfectly protects stressed skin 
The low-irritant UV protector protects stressed skin damaged by the external environment with the golden ratio of inorganic and organic UV filters. 

Prevents skin aging caused by the UV rays 
The irritant-free UV protection prevents the biggest signs of aging, including dullness and dryness in the skin. 

Strengthens skin elasticity and keeps the skin healthy 
The ingredients of peptide and collagen make the skin firm and healthy.","['Sunblock', 'sun cream', 'sun protector', 'organic', 'spf35', 'spf50', 'bb sun cream', 'uv protection', 'aloe sun', 'Snail sun', 'waterproof sun', 'multi sun']",3
[Cell Fusion C] 	Stick Sunscreen 100 SPF50+/PA+++ 19g,"Iceberg water that gives a refreshing feeling to the skin, which is shaped like water, is used
Deep sea water rich in mineral extracted from 3000 feet deep sea where sunlight does not reach, is used
Birch extract prevents loss of skin moisture and helps to hydrate
The core technique is to stabilize moisture, so when applied to the skin, it spreads along with it
• Soothing irritation skin: Cooling mechanism that emits skin heat to relieve hot skin temperature by ultraviolet rays 

• Contained 20% moist: Arctic icebergs + Birch sap + Deep ocean water When rosé is refreshing, it absorbs moisture after absorption

• No harmful ingredient: It is a sun stick made of good ingredients that children can use.","['Sunblock', 'sun cream', 'sun protector', 'organic', 'spf35', 'spf50', 'bb sun cream', 'uv protection', 'aloe sun', 'Snail sun', 'waterproof sun', 'multi sun']",0
[Cell Fusion C] 	Post Alpha Cure Suncreen 100 SPF50+/PA++++ 50ml,"- Sunscreen Defense Component
- Natural moisturizing peptide
- Dual moisture barrier
- NO Surfactant, Emulsifier
- Safe to use for sensitive skin","['Sunblock', 'sun cream', 'sun protector', 'organic', 'spf35', 'spf50', 'bb sun cream', 'uv protection', 'aloe sun', 'Snail sun', 'waterproof sun', 'multi sun']",5
[Cell Fusion C]  Post Alpha Cure Suncreen 100 SPF50+/PA++++ 30ml,"- Sunscreen Defense Component
- Natural moisturizing peptide
- Dual moisture barrier
- NO Surfactant, Emulsifier
- Safe to use for sensitive skin","['Sunblock', 'sun cream', 'sun protector', 'organic', 'spf35', 'spf50', 'bb sun cream', 'uv protection', 'aloe sun', 'Snail sun', 'waterproof sun', 'multi sun']",0
[ILLIYOON]  Comfort Rest Outdoor Mist 110ml,"- Lemon skin care for the whole family from harmful environmental Grasse fragrance body mist for all skin type
- 36 months from date of manufacture, within 12 months after opening
- Arms, legs and helps to evenly spray the required parts.

 1) After use, or when using cosmetics that have symptoms or side effects, such as using a site redness, swelling or itching by sunlight will be as professional counseling
 2) in areas such as the cuts will be refrained from using
 3) Precautions for storage and handling requirements
  A) Keep out of reach of children
  B) Keep away from direct sunlight.-Amore Pacific Corporation","['hair band', 'cleansing puff', 'pore brush', 'oil paper', '', '', '', '', '', '', '', '']",1
[Rovectin]  Skin Essentials Aqua Soothing UV Protector 50ml SPF 50+ PA++++,"The mild yet powerful Aqua Soothing UV Protector doesn t cause irritation and suitable for all skin types, is a safe option for your family. 
Formulated with Zinc Oxide and Titanium Dioxide, the effective broad-spectrum SPF50+ PA++++ completely defends against daily free-radical damage such as UVA and UVA while Selaginella Lepidophylla leaves your skin hydrated. 
Featuring the patent anti-pollution ingredient Pollustop , it forms a barrier to protect from the impact of fine dust. 
Helps brighten your skin while improving the appearance of wrinkles and fine lines. 
Free from Paraben, Mineral Oil, Artificial Fragrance and Coloring, and Steroid.","['Sunblock', 'sun cream', 'sun protector', 'organic', 'spf35', 'spf50', 'bb sun cream', 'uv protection', 'aloe sun', 'Snail sun', 'waterproof sun', 'multi sun']",7
[Rovectin]  Skin Essentials Deep Moisture UV Protector 50ml SPF50+ PA++++,"Offers strong UV blocking (SPF50+ PA++++) to protect skin.
Strengthens skin barrier and provides dressing effect with Panthenol.
The Blue-ray Shield™ technology protects skin from UV rays and even blue-ray.
Moisturises skin with Echium Plantagineum Seed Oil and all the ingredients are EWG green grade.","['Sunblock', 'sun cream', 'sun protector', 'organic', 'spf35', 'spf50', 'bb sun cream', 'uv protection', 'aloe sun', 'Snail sun', 'waterproof sun', 'multi sun']",3
[sioris]  You Are My Shining Sunscreen 30ml,"Provides mild UV protection for all skin types.
Light and easily absorbed sunscreen with soothing avocado oils.","['Sunblock', 'sun cream', 'sun protector', 'organic', 'spf35', 'spf50', 'bb sun cream', 'uv protection', 'aloe sun', 'Snail sun', 'waterproof sun', 'multi sun']",3
[KIM JEONG MOON Aloe]  Cure Water Splash Soothing Sun Gel 50ml SPF50+ PA++++,"1. Gel sunscreen protection, Aloe Soothing Sun Gel that protects the skin from UV rays
2. Anti-aging, protecting the skin from thermal aging
3. Antibacterial applicator for use without touching
4. The advantage of Sun Stick remained, the disadvantages are improved
5. All families can use it mildly together
6. Moisture filling + UV protection + aftercare at once
7.-5-degree skin temperature reduction effect
8. UV shield blocks UVA / UVB at the same time!","['Sunblock', 'sun cream', 'sun protector', 'organic', 'spf35', 'spf50', 'bb sun cream', 'uv protection', 'aloe sun', 'Snail sun', 'waterproof sun', 'multi sun']",1
[Innisfree]  Intensive Anti-pollution Sunscreen 50mL,"1. Not only blocks the sun but also micro-fine dust
Usable not only outdoors, but also indoors and in the pool. 
2. Long-lasting waterrproof function
Does not come off easily when in touch with water

3. Perfect consistency 
No white cast, waterproof and quick absorption.",None,5
[Innisfree]  Intensive Long Lasting Sunscreen 50ml,"1. Water Resistant
Great for people who have combination skin as it gives a fresh feeling while keeping everything water resistant

2. Soothing and Moisturizing
Hydrates the skin while calming it down with the Centella Asiatica extract inside.",None,1
[Innisfree]  Moist Winter Barrier Sunscreen 35ml,"1. Water bomb! 
Moisturizes your skin in the dry weather when it makes your skin feel like it's tearing off! 

2. Moisturizing for 24 Hours 
Maintains moisture in your skin for 24 hours to make sure its always hydrated and healthy. 

3. Soft texture like fresh cream 
Applies smoothly on the skin with mild ingredients that are great for your skin",None,3
[Innisfree]  Daily Mild Sunscreen 50ml,"1. Moisturizing water-base type
Water based product that allow quick absorption of the product. 
2. Healthy for your skin
Filled with only mild ingredients that protects your skin

3. Moisturizing & Soothing
Provides skin with moisture and calming properties",None,2
[The Plant Base]  DAILIBEN Innocent Sun Cream,Cactus extract (43.42%) based sun cream that will be fixed onto your face in a second creating featherlike shield that protect and brighten up your face [SPF 50+ PA+++] [Can be used for makeup base].,None,2
[Dr.Jart]  ​Cicapair Calming Sun Protector 50ml SPF 30 / PA++,"UV ray protection with cica effect to sooth and cover sensitive red skin.
Skin tone and texture improving green color capsule and fresh cream type sun protection.
Green capsule in white texture melts with natural cover, gives soft skin look.
Skin irritation test completed, triple functional cosmetics (whitening + wrinkle improvement + UV protection)","['Sunblock', 'sun cream', 'sun protector', 'organic', 'spf35', 'spf50', 'bb sun cream', 'uv protection', 'aloe sun', 'Snail sun', 'waterproof sun', 'multi sun']",6
[BELLAMONSTER]  Pore Out Solution UV Cut Solution Sun Gel 50ml,"- A cooling sun gel infused with watermelon seed oil to calm the skin while delivering abundant hydration. 

- Features a powerful SPF50+ PA++++ sun protection to protect the skin against UVA and UVB.

- Helps reduce the appearance of large pores and fine lines.","['Sunblock', 'sun cream', 'sun protector', 'organic', 'spf35', 'spf50', 'bb sun cream', 'uv protection', 'aloe sun', 'Snail sun', 'waterproof sun', 'multi sun']",1
[Etude House]  UV Double Cut Moisture Tone Up Sun Fluid SPF48/PA+++ 50ml,,"['Sunblock', 'sun cream', 'sun protector', 'organic', 'spf35', 'spf50', 'bb sun cream', 'uv protection', 'aloe sun', 'Snail sun', 'waterproof sun', 'multi sun']",3
[Etude House]  UV Double Cut Sun Gel SPF50+/PA++++ 50ml,,"['Sunblock', 'sun cream', 'sun protector', 'organic', 'spf35', 'spf50', 'bb sun cream', 'uv protection', 'aloe sun', 'Snail sun', 'waterproof sun', 'multi sun']",6
[THE FACE SHOP]  Natural Sun Eco Power Long Lasting Sun Block SPF45/PA+++ 50ml,"- 24h sun care. Acaiberry as super antioxidant. 
- Waterproof and doubles as a wonderful make-up base. 
- Light on skin. 
- Made from natural plant extracts such as rhubarb plant, argan tree seed and blue sea kale extracts.
- This line",None,1
[BELLAMONSTER]  Blemish UV Cut Solution Sun Cream 50ml,"● Natural skin tone up & improvement.

● Vitamin C queen calamansi extract brighten skin tone, whitening ingredient treat skin blemishes for bright glowing skin care.  

● Daily vitamin sun cream without stickiness and moisture use for daily use.   

● Whitening + wrinkle improvement + UV protection (SPF50+ PA+++) triple function cosmetic.",None,1
[DUFT&DOFT]  Perfection UV Everyday Sun 150ml SPF 50+ PA++++ (Dermatologist Tested),"- Daily sun protection for different skin types. - Formulated WITHOUT Mineral oils, Parabens, Benzophenone, Sulfates, Artificial dyes.- Not tested on animals. Cruelty Free.- NON-IRRITATING DAILY MULTI-USE SUNSCREENS.",None,6
[Innisfree]  Tone Up No Sebum Sunscreen SPF 35 PA+++,"Porous powder controls skin oiliness, gifting fresh and smooth skin without stickiness.
Centella Asiatica extract and green tea extract soothe and moisturize the skin.
The natural, pink-tone physical sunblock reflects harmful UV rays with mineral filters.",None,1
[Real Barrier]  Extreme Tone Up Suncream SPF50+ PA++++ 50ml,Pat the BB cream into the skin using fingertips. Apply at the beginning of makeup.,None,0
[Laneige]  Light Sun Fluid SPF50+ PA+++ 50ml,"Keeps moisture barrier protected all day long even under the hot sun!

Moisture sun fluid effectively blocks UV rays as the light texture adheres smoothly to skin
1. Thin and light fluid texture

The thin and light texture resembling dilute emulsion adheres lightly and smoothly to skin yet effectively blocks UV rays even when applying only a little amount.

2. Skin's oil and moisture level control

Ingredients such as skin-soothing mint water and selective oil balancing powder effectively control skin’s oil and moisture level

3. Waterproof

Waterproof sun cream that’s resistant to sweat and water
*Waterproof dermatological tests completed","['Sunblock', 'sun cream', 'sun protector', 'organic', 'spf35', 'spf50', 'bb sun cream', 'uv protection', 'aloe sun', 'Snail sun', 'waterproof sun', 'multi sun']",3
[Pyunkang Yul]  Ato Wash & Shampoo 290ml,"Pyunkang Yul ATO Wash&Shampoo Blue Label It is a product that can be used without feeling irritation on sensitive and fragile skin. [Mild Cleanser] For skin exposed to the harmful environment, unnecessary ingredients are removed and made it with a minimum of raw materials. It is a gentle cleanser that gently cleanses without stimulating the rich bubbles sensitive skin. Pyunkang Yul ATO Wash&Shampoo Blue Label contains a lonicera japonaca (honeysuckle) flower extract  helps to calm and prevent oxidation, Using a natural surfactant, it removes waste product in pore cleanly without irritation and makes soft skin without cleansing after cleansing.","['Sunblock', 'sun cream', 'sun protector', 'organic', 'spf35', 'spf50', 'bb sun cream', 'uv protection', 'aloe sun', 'Snail sun', 'waterproof sun', 'multi sun']",5
[HYGGEE]  Relief Sun Moisturizer SPF50+ PA++++ 50ml,"POINT 1 
SAFE CARE: SAFE LOW STIMULUS SUNCARE 
POINT 2 
ONE STEP CARE: WITH JUST RELIEF SUN MOISTURIZER PERFECTLY SOLVED MORNING SKINCARE 
POINT 3 
PROTECT: ACTIVE UV PROTECTION + PROTECTS THE SKIN FROM UV RAYS",None,3
[Benton]  Shea Butter and Olive Hand Cream 50g,"With 10% Ecocert certified shea butter and 2% coconut oil, this hand cream has lighter texture than Shea Butter and Coconut Hand Cream. 
With refreshing scent from essential oils, suiable for all four seasons.","['legs wax', 'Body patch', 'hair removal cream', 'body gel', 'hand cream', 'foot mask', 'body cleanser', 'shower gel', 'body lotion', 'hand mask', '', '']",4
[SOME BY MI]  Truecica Minera 100 Calming Suncream 50PA++++ 50ml,"With SPF50+ PA++++ and 85% of essence inside the product , the Truecica Suncream applies smoothly on the skin like a lotion. Suitable for sensitive or acne prone skin, this product contains madecassoside and tea tree to ensure the skin is nourished and protected.",None,1
[MEDI-PEEL]  Active Silky Sun Cream 50ml,"With SPF50+ PA+++, the Active Silky Sun Cream blocks out UV-B and UV-A but balances the skin out with the 5 Peptide solution included in the product.",None,0
[Suntique]  I'M CLEAR Cica SunStick 22g,"Patented antioxidant, anti-wrinklee extract consisted of 4 types of herbs whitening, wrinkle improvement function.
Soft texture and non-silky texture.",None,1
[Suntique]  I'M PURE Cica Suncream 50ml,"Moist and soft cream formulation, Significantly less white turbidity when tapped by hand, 100% physical UV blocker's off-white",None,2
[Suntique]  I'M REPAIR After Sun 50ml,"A repair solution that nourished the skin's natural strength and restores and calms sensitive skin.
Ice water moisture capsules quickly penetratethe kin for long cool and moistuizing care.",None,1
[Suntique]  I'M SAFE for Baby&Silver 50ml,"100% Physical Sunscreen.
No artificial fragrance is added, which makes the products safer and better for sensitive skin.
Feel the ultimate hydration visually as soon as it is applied light weight texture.",None,0
[Suntique]  I'M SPORTS Aqua Sun Gel 50ml,"Contains more than 65% of moisture, giving moist skin to dry skin.
Without being opaque maintian long-lasting smoothness.",None,1
[CLIO]  Kill Protection Matte Sun Base,,"['Sunblock', 'sun cream', 'sun protector', 'organic', 'spf35', 'spf50', 'bb sun cream', 'uv protection', 'aloe sun', 'Snail sun', 'waterproof sun', 'multi sun']",6
[CLIO]  Kill Protection Glow Sun Base,,"['Sunblock', 'sun cream', 'sun protector', 'organic', 'spf35', 'spf50', 'bb sun cream', 'uv protection', 'aloe sun', 'Snail sun', 'waterproof sun', 'multi sun']",4
[AMPLE:N]  HyaluronShot Essence Sun SPF50+ PA++++ IRF20 40ml,"it effectively protects against UVA-UVB and heat radiation (Coreana Cosmetics UV-IR BLOCK ™ invention provides the highest level of protection against both types of UV rays and infrared radiation).

● It effectively protects against UVA-UVB and heat radiation (Coreana Cosmetics UV-IR BLOCK ™ invention provides the highest level of protection against both types of UV rays and infrared radiation). 
● Provides instant radiance and hydration to the skin and helps maintain water balance. 
● Nourishes, softens, reduces erythema, soothes even very irritated and sensitive skin. 
● The Water Drop Texture technology allows you to tightly hold UV-IR BLOCK ™ retro-reflective filters in microcapsules. 
● During mechanical interaction with the skin, the capsule shell is destroyed, and the life-giving moisture appears on the skin. 
● Paraben free.","['Sunblock', 'sun cream', 'sun protector', 'organic', 'spf35', 'spf50', 'bb sun cream', 'uv protection', 'aloe sun', 'Snail sun', 'waterproof sun', 'multi sun']",0
[AMPLE:N]  CeramideShot Barrier Sun Care 40ml,100% physical sun screen. Dermatogically tested.,"['Sunblock', 'sun cream', 'sun protector', 'organic', 'spf35', 'spf50', 'bb sun cream', 'uv protection', 'aloe sun', 'Snail sun', 'waterproof sun', 'multi sun']",6
[Nature Republic]  California Aloe Fresh Powdery Sun Stick SPF50+ PA++++,"A portable, easy-to-apply solid sun block protects skin from harmful UV rays with its powerful SPF50+ broad spectrum.
Infused with aloe vera leaf extract, it replenishes moisture, soothes skin while protecting skin from free radical damages with powerful broad spectrum SPF50+.","['Sunblock', 'sun cream', 'sun protector', 'organic', 'spf35', 'spf50', 'bb sun cream', 'uv protection', 'aloe sun', 'Snail sun', 'waterproof sun', 'multi sun']",1
[Lagom]  Cellus Sun Gel 50ml,"Preventative skincare is the first step to developing and maintaining your best skin. Why? Youthful skin isn't created - it's preserved. Damage from environmental factors, the sun in particular, degrade the natural properties of your skin that keep it plump, lifted and glowing. The problem is that many of us grow to hate applying sunscreen because it clogs pores and sits heavy atop our skin. This facial sunscreen, however, is so lightweight you won't even remember you're wearing it. With seamless absorbability and a matte finish, it's the perfect daily accompaniment to your youthful complexion, keeping it bright, beautiful, and rejuvenated for years to come.",None,0
[BY ECOM]  All Day Sunscreen 40ml,"Mild yet powerful daily sunscreen

Like you put a moisture cream on your skin, BY ECOM's sunscreen moisturizes your skin.","['Sunblock', 'sun cream', 'sun protector', 'organic', 'spf35', 'spf50', 'bb sun cream', 'uv protection', 'aloe sun', 'Snail sun', 'waterproof sun', 'multi sun']",0
[Rovectin]  UV Defense tinted SPF50+ PA+++,"This Anti-Irritant UV Defense Tinted helps blur the redness caused by medical treatments or external irritants while protecting skin against UV rays.
The non-irritating, fast-absorbing formula delivers natural skin tone and leaves skin feeling refreshed.
The powerful broad-spectrum SPF50+ PA+++ defends against daily free-radical damage such as UVA and UVA, to protect and preserve aging skin.
Blended with Centella Asiatica, Panthenol, and 20 kinds of active ingredient to hydrate and soothe your sensitive skin.
Free from Paraben, Mineral Oil, Artificial Fragrance and Coloring, and Steroid.
Safe for babies and pregnant women.","['Sunblock', 'sun cream', 'sun protector', 'organic', 'spf35', 'spf50', 'bb sun cream', 'uv protection', 'aloe sun', 'Snail sun', 'waterproof sun', 'multi sun']",0
[Rovectin]  SKIN ESSENTIALS DOUBLE TONE-UP UV PROTECTOR 50ml SPF50+ PA++++,"The hypo-allergenic Double Tone-Up UV Protector helps promote a natural skin tone while protecting skin against UV rays.
The powerful broad-spectrum SPF50+ PA++++ contains Zinc Oxide and Titanium Dioxide, to defend against daily free-radical damage such as UVA and UVA.
Featuring the patent anti-pollution ingredient Pollustop®, it forms a barrier to protect from the affection of fine dust.
The pink-beige formula helps brighten your skin while improving the appearance of wrinkles and fine lines.
Contains an antioxidative ingredient Tocopherol (Vitamin E) to protect and preserve aging skin.
Skin irritation test completed.
Free from Paraben, Mineral Oil, Artificial Fragrance and Coloring, and Steroid.","['Sunblock', 'sun cream', 'sun protector', 'organic', 'spf35', 'spf50', 'bb sun cream', 'uv protection', 'aloe sun', 'Snail sun', 'waterproof sun', 'multi sun']",4
[Dr.Jart]  Every Sun Day 50ml,"#Moisturzing Sun : Moisturizing cream type sunscreen with a moisturizing moisturizing texture of ceramide. 
#Tone up : It is a pink tone emulsion type sunscreen that lightens the dull tone of your skin. 
#Sunblcok : Protects skin from strong UV rays",None,4
[d'Alba]  Waterful Essence Sun Cream 50ml,"Lightweight, comfortable to wear and refreshing. Skin irritation test completed.
Powerful broad spectrum SPF50 protects skin from free radical damage.
White truffle extract, wine extract hydrate and nourish fatigued skin due to sunrays.",None,2
[Tonymoly]  Tako Pore Sebum Sun Stick,"Our small but mighty Tako Pore Sebum Sun Stick will have your skin protected from harmful UV rays all day long.  
Formulated with powerful marine extracts and Calamine, our pink sun stick instantly soothes sun exposed skin while providing intense sun protection for easy coverage wherever needed. 
The unique dome shaped applicator makes it perfect to build up extra sun protection in hard to reach places while the ultra mild formula glides effortlessly over sensitive areas around the lip and eyes for a fingers-free application.",None,8
[Banila co]  Hello Sunny Essence Sun Stick SPF50+ PA++++ (Fresh),"1. UV protection function bocame stronger: SPF50 + PA ++++
2. Essence 36% + primer effect + finish powder effect!
3. It can be used freshly without stickiness.
4. It leaves no white cast.
5. Hands-free, easy to use and hygienic.
6. It is waterproof which can be used in the beach or pool.
7. No artificial colors and no artificial flavors.
8. Pocket size so that you can easily carry.Types
- Fresh: For Oily Skin
- Moist: For Dry Skin
- Glow: With Brightening Effect
- Hydrating: Light Texture","['Sunblock', 'sun cream', 'sun protector', 'organic', 'spf35', 'spf50', 'bb sun cream', 'uv protection', 'aloe sun', 'Snail sun', 'waterproof sun', 'multi sun']",1
[Banila co]  Hello Sunny Essence Sun Stick SPF50+ PA++++ (Glow),"1. UV protection function bocame stronger: SPF50 + PA ++++
2. Essence 36% + primer effect + finish powder effect!
3. It can be used freshly without stickiness.
4. It leaves no white cast.
5. Hands-free, easy to use and hygienic.
6. It is waterproof which can be used in the beach or pool.
7. No artificial colors and no artificial flavors.
8. Pocket size so that you can easily carry.Types
- Fresh: For Oily Skin
- Moist: For Dry Skin
- Glow: With Brightening Effect
- Hydrating: Light Texture","['Sunblock', 'sun cream', 'sun protector', 'organic', 'spf35', 'spf50', 'bb sun cream', 'uv protection', 'aloe sun', 'Snail sun', 'waterproof sun', 'multi sun']",8
[Missha]  All Around Safe Block Essence Sun Milk SPF50+/PA+++ 70ml,"1. Double Layer UV Blocking System Holds Up Strong to Water and Sweat
New Double Layer UV Blocking System provides long-lasting and impenetrable UV protection, even as the humidity rises2. Moisturizing Essence Quenches Dry Skin
The extracts of 4 flower varieties, representing the four seasons, soothe, nourish and hydrate tired, dry skin3. Antozone-Rose and Thanaka Extracts Soothe Skin
Antozone-Rose protects skin from environmental stressors while Thanaka extract provides a cooling effect",None,1
[A'PIEU]  Pure Block Natural Daily Sun Cream 50ml,"UV blocking functional cosmetic/skin sensitivity test completed
No sticky or shiny finish, this daily sun cream keeps your skin matte and pleasant throughout the day
1. Stays matte all day
Soft and creamy consistency makes it easy to apply onto skin without harsh rubbing and keeps your skin looking fresh all day
2. Natural finish without whitecast
Adheres to skin without leaving a whitecast, does not get all over your clothes or hair
3. Mild formula comforts skin
Minimum amount of irritants keeps your skin feeling pleasant and comfortable","['Sunblock', 'sun cream', 'sun protector', 'organic', 'spf35', 'spf50', 'bb sun cream', 'uv protection', 'aloe sun', 'Snail sun', 'waterproof sun', 'multi sun']",1
[Nacific]  Fresh Herb Origin Sunblock 50ml (Calendula),"Subum and pore cleaner ingredients cleans your pore. 
Your skin is fresh and clean with this sunscreen.","['Sunblock', 'sun cream', 'sun protector', 'organic', 'spf35', 'spf50', 'bb sun cream', 'uv protection', 'aloe sun', 'Snail sun', 'waterproof sun', 'multi sun']",2
[VT Cosmetics]  VT Essence Sun Pact,"Comfortable to wear and moisturising. Protect your skin from radical damage in a different way.
Containing rich moisturizers, this sun pact offers cooling benefit and conditions skin.",None,3
[G9SKIN]  White In Milk Sun,"A water proof milk sun cream provides upgraded sunscreen protection with anti-wrinkle, brightening and moisturizing effects.
Contains Sebum Absorption Powder to absorb sebum for non-sticky and non-greasy skin.
Can be easily and softly removed during cleansing.
Daily-care type Sun Cream that leaves on white residuals,and feels so light and moist, it seems like you haven't put it on at all.
SPF 50+ / PA++++ water proof milk sun cream.
* Provide tone care and moisture contents.
* Non sticky & Non greasy
* Anti-ultraviolet + Wrinkle improvement + Whitening",None,7
[Benton]  PaPaYa-S Sun Cream,"Sun protection and skin care at the same time!
1. Skin exposed to frequent outdoor activities.
2. Skin that wants a natural tone-up
3. Dull skin lacking suppleness.
4. Skin that wants a light, moist sunscreen.
5. Skin that wants protection against UVA/UVB with a minimal white cast",None,2
[Benton]  Papaya-D Sun Cream,"Inorganic, organic blends with sunscreen ingredients.Effectively shielding ultraviolet rays from living.To protect the skin from external harmful environment daily sunscreen!",None,6
[Huxley]  Tone Up Cream ;Stay Sun Safe SPF50+ PA+++,"Hydration + UV protection + Brightening + Tone Correction- SPF50+, PA+++ (UVA, UVB dual protection)- Capsules within the cream burst to reveal a beige shade for a tone correction effect- Provides a natural tone up for all skin types and even for men- Smooth application and moisturizing finish","['Sunblock', 'sun cream', 'sun protector', 'organic', 'spf35', 'spf50', 'bb sun cream', 'uv protection', 'aloe sun', 'Snail sun', 'waterproof sun', 'multi sun']",1
[Huxley]  Sun Cream; Stay Sun Safe SPF50+ PA+++,"A gentle sun cream that infuses a wealth of hydration to the skin- Chemical sun cream SPF50+, PA++++ (UVA, UVB protection)- Free of harmful chemicals (PEG absent) / Utilizes only EWG green ingredients - A gentle sun cream for the entire family- Devoid of stickiness yet hydtrating","['Sunblock', 'sun cream', 'sun protector', 'organic', 'spf35', 'spf50', 'bb sun cream', 'uv protection', 'aloe sun', 'Snail sun', 'waterproof sun', 'multi sun']",3
[moonshot]  Multi Protection UV Bouncer SPF50+ PA+++,"Aqua UV cooling protector provides the skin with protection from UV rays and the unique aqua base formula creates a moisturizing, cooling and refreshing effect.Provides skin with moisturizing and soothing effect Aqua gel type texture creates refreshing non-sticky finish Instant cooling effect Can be used as a primer",None,2
[Neogen]  Day-Light Protection Sunscreen SPF50/PA+++,"Absorbent yet hydrating sunscreen formula containing SPF50, protects your skin from sun damages while not clogging your pores and keeping your skin moist and supple throughout the all-day sun protection!
Sunscreen offers an intensive protection against harmful UVA/UVB rays during your everyday outdoor activities! It protects your skin from high UV rays and outer environment while soothing damaged skin to achieve a healthy and vitalizing skin. It also contains a fresh boost of moisture to provide all day skin-soothing hydration for light, absorbing smoothness all day.",None,7
[Laneige]  Watery Sun Cream SPF50+ PA++++,"Keeps moisture barrier protected all day long even under the hot sun!
Moisture sun cream with watery texture refreshingly hydrates skin and blocks UV rays effectively1. Moisture sun cream to keep skin moisturized
Contains ingredients such as moisture- and nourishment-rich Birch sap and skin moisturizing factors that keep skin moisturized all day long even under the hot sun2. Powerful UV protection
SPF50+, PA+++ blocks UV rays effectively
*UV protection cosmetic3. Waterproof
Perfect protection anytime and anywhere with strong sustaining power and resistance to water and sweat
*Waterproof dermatological tests completed",None,2
[Etude House]  SoonJung Barrier Sun Cream SPF49/PA++ 50ml,"Etude House Soon Jung range is free of potential irritants, like fragrance, artificial colors and parabens.
It contains 90% plant derivatives and EWG Green Grade ingredients that are safe and effective in restoring one's skin to its natural healthy balance while repairing damaged skin with Panthenoside.
The Etude House SoonJung Mild Defence Sun Cream is a low-irritant sun cream that protects you from harmful UV rays.
This sun care product has a non-sticky and creamy texture that spreads easily. 
Go under the hot sun with no worries! This sun cream contains a Cooling Relief™ ingredient that protects your face and body against the heat, UV rays, and fine dust.",None,1
[Innisfree]  Oat Mild Moisture Sun Cream,"Innisfree Oat Mild Moisture Sun Cream SPF50+ PA+++50ml.
Helps to regain proper balance between nutrition and moisture.
Non-stikcy texture, unlike other nourishing items.
Mild hypoallergenic ingredient, which is available for baby to adult.","['Sunblock', 'sun cream', 'sun protector', 'organic', 'spf35', 'spf50', 'bb sun cream', 'uv protection', 'aloe sun', 'Snail sun', 'waterproof sun', 'multi sun']",1
[COSRX]  Aloe Soothing Sun Cream 50ml,"Soft and moist sun block with 5,500ppm of Aloe Barbadensis Leaf Water supplies moist and nutrient to skin and prevents UVA and UVB at the same time.","['Sunblock', 'sun cream', 'sun protector', 'organic', 'spf35', 'spf50', 'bb sun cream', 'uv protection', 'aloe sun', 'Snail sun', 'waterproof sun', 'multi sun']",3
[Etude House]  Sunprise Mild Watery Light (SPF50+/PA+++) 50ml,"Hypoallergenic cosmetics. Neat spreadability. Gel type: Non-stickiness. Containing Aloe Vera, Portulaca Oleracea, Centella asiatica, Acai Berry, Acerola and Sunflower seeds Extracts: UV protection, Enhancing skin vitality, Soothing and Moisturizing 
Net VOL. 50 g","['Sunblock', 'sun cream', 'sun protector', 'organic', 'spf35', 'spf50', 'bb sun cream', 'uv protection', 'aloe sun', 'Snail sun', 'waterproof sun', 'multi sun']",5
[Etude House]  Sunprise Mild Airy Finish SPF50 PA+++ 55ml,"No turbidy: Anti-greasy & sticky for smooth application while protecting UV without turbidy.
100% Mineral Filter: Softly applied on sensitive skin
55ml / 1.85 fl. oz.
A non-sticky & no turbidy UV milk that provides long-lasting UV protection with 100% mineral based mild ingredients for sensitive skin.","['Sunblock', 'sun cream', 'sun protector', 'organic', 'spf35', 'spf50', 'bb sun cream', 'uv protection', 'aloe sun', 'Snail sun', 'waterproof sun', 'multi sun']",5
[innisfree]  The Minimum Sun Cream for Sensitive Skin 40ml,,None,2
[Missha]  All-Around Safe Block Waterproof Sun Milk SPF50+/PA+++70ml,"Sun Protection that hydrates and nourishes skin. The Missha All Around Safe Block Waterproof Sun Milk provides the best broad-spectrum protection without any greasy residue or white cast. It refreshes the skin and dries to a soft matte finish, perfect under makeup. This Sun Milk is water resistant and stays in place during outdoor activities & watersports, even working against sweat and providing sebum control during those hot months when you need it most.","['Sunblock', 'sun cream', 'sun protector', 'organic', 'spf35', 'spf50', 'bb sun cream', 'uv protection', 'aloe sun', 'Snail sun', 'waterproof sun', 'multi sun']",7
[Nature Republic]  Califonia Aloe Daily Moisture Sunblock,,"['Sunblock', 'sun cream', 'sun protector', 'organic', 'spf35', 'spf50', 'bb sun cream', 'uv protection', 'aloe sun', 'Snail sun', 'waterproof sun', 'multi sun']",2
[Etude House]  Sunprise Natural Corrector,"UV Defense moisturizer whitens skin with Niacinamide and improves Wrinkles With Adenosine. Formulated with Acai Berry, Acerola, Aloe vera for skin Smoothing relief.","['Sunblock', 'sun cream', 'sun protector', 'organic', 'spf35', 'spf50', 'bb sun cream', 'uv protection', 'aloe sun', 'Snail sun', 'waterproof sun', 'multi sun']",3
[Etude House]  Sunprise Natural Corrector Light,"Sun Cream with the function of makeup base provides a refreshin g finish and brightens
skin tone as it closely adheres to skin","['Sunblock', 'sun cream', 'sun protector', 'organic', 'spf35', 'spf50', 'bb sun cream', 'uv protection', 'aloe sun', 'Snail sun', 'waterproof sun', 'multi sun']",0
[Elizavecca]  Milky Piggy Sun Cream 50ml,"● SPF5-+ PA+++ and UVAUVB protection
● Whitening wrinkle care and sebum control
● Long-lasting effect","['Sunblock', 'sun cream', 'sun protector', 'organic', 'spf35', 'spf50', 'bb sun cream', 'uv protection', 'aloe sun', 'Snail sun', 'waterproof sun', 'multi sun']",0
[Missha]  All Around Safe Block Daily Sun 50ml SPF50+ PA++++,"Missha All Around Safe Block Daily Sun is a K-beauty favorite for its high levels of UVA and UVB protection, lightweight texture, non-sticky finish, and perhaps best of all, no white cast! The Daily Sun features a double layer technology, making it sweat and water resistant. Formulated with antioxidant-rich ingredients like green tea, chrysanthemum, aloe, and sunflower extracts for anti-aging protection from free radical damage, this sunscreen has a moisturizing finish and is great for anyone looking for sun protection that offers skincare benefits.","['Sunblock', 'sun cream', 'sun protector', 'organic', 'spf35', 'spf50', 'bb sun cream', 'uv protection', 'aloe sun', 'Snail sun', 'waterproof sun', 'multi sun']",1
[Missha]  *Time Deal*   All-Around safe Block Soft Finish Sun Milk SPF50+/PA+++70ml,"Sun Protection that hydrates and nourishes skin. The Missha All Around Safe Block Waterproof Sun Milk provides the best broad-spectrum protection without any greasy residue or white cast. It refreshes the skin and dries to a soft matte finish, perfect under makeup. This Sun Milk is water resistant and stays in place during outdoor activities & watersports, even working against sweat and providing sebum control during those hot months when you need it most.","['Sunblock', 'sun cream', 'sun protector', 'organic', 'spf35', 'spf50', 'bb sun cream', 'uv protection', 'aloe sun', 'Snail sun', 'waterproof sun', 'multi sun']",0
